origin,mean_temp
EWR,55.546552516662835
JFK,54.47215024121296
LGA,55.76260509993108
